{
  "avg_latency_stop": 1.2337283950617284,
  "avg_latency_resp": 2.702666666666668,
  "avg_first_time_delay": 1.8404000000000003,
  "average_RESPOND_score": 0.77
}