{
  "avg_latency_stop": 0.7896000000000001,
  "avg_latency_resp": 2.2354226804123702,
  "avg_first_time_delay": 1.554499999999992,
  "average_RESPOND_score": 0.87
}