{
  "avg_latency_stop": 1.5163636363636366,
  "avg_latency_resp": 2.9150351758793986,
  "avg_first_time_delay": 2.1785,
  "average_RESPOND_score": 0.81
}