{
  "avg_latency_stop": 1.4299047619047618,
  "avg_latency_resp": 2.6382400000000006,
  "avg_first_time_delay": 1.7160606060606063,
  "average_RESPOND_score": 0.99
}