{
  "avg_latency_stop": 1.0108571428571427,
  "avg_latency_resp": 2.06161658031088,
  "avg_first_time_delay": 1.4982999999999982,
  "average_RESPOND_score": 0.92
}