{
  "avg_latency_stop": 1.3107654320987654,
  "avg_latency_resp": 2.9023286384976514,
  "avg_first_time_delay": 1.6824242424242426,
  "average_RESPOND_score": 0.93
}