{
  "avg_latency_stop": 1.689164556962026,
  "avg_latency_resp": 2.974448979591834,
  "avg_first_time_delay": 1.8373684210526318,
  "average_RESPOND_score": 0.81
}