{
  "avg_latency_stop": 0.8095757575757578,
  "avg_latency_resp": 1.9416000000000018,
  "avg_first_time_delay": 1.4557999999999907,
  "average_RESPOND_score": 0.97
}