{
  "avg_latency_stop": 0.7021333333333335,
  "avg_latency_resp": 2.1907738693467347,
  "avg_first_time_delay": 1.5216000000000143,
  "average_RESPOND_score": 0.98
}