{
  "avg_latency_stop": 0.5650434782608699,
  "avg_latency_resp": 2.0472164948453613,
  "avg_first_time_delay": 1.5078999999999942,
  "average_RESPOND_score": 0.92
}